time,latitude,longitude,depth,mag,magType,nst,gap,dmin,rms,net,id,updated,place,type,horizontalError,depthError,magError,magNst,status,locationSource,magSource
2023-10-16T07:09:06.070Z,37.3493347,-118.5413361,3.01,1.44,md,9,207,0.2131,0.05,nc,nc73947760,2023-10-16T07:10:43.590Z,"8 km W of West Bishop, CA",earthquake,2.32,6.83,0.43,3,automatic,nc,nc
2023-10-16T06:52:40.730Z,19.1936664581299,-155.496002197266,34.9199981689453,2.21,ml,39,137,,0.109999999,hv,hv73610152,2023-10-16T06:58:11.700Z,"2 km WSW of Pāhala, Hawaii",earthquake,0.49,0.730000019,0.16,7,automatic,hv,hv
2023-10-16T06:51:08.743Z,36.38716888,-97.64315796,0.5577502251,2.67,ml,83,35.23632812,0.1357019544,0.8569221846,ok,ok2023ugsl,2023-10-16T06:57:33.650Z,"6 km ENE of Fairmont, Oklahoma",earthquake,1.313857825,1.084311953,0.21,56,automatic,ok,ok
2023-10-16T06:48:35.622Z,53.4071,160.2603,61.853,5.2,mww,149,104,1.042,0.63,us,us6000lfum,2023-10-16T07:06:42.040Z,"near the east coast of the Kamchatka Peninsula, Russia",earthquake,7.23,5.611,0.093,11,reviewed,us,us
2023-10-16T06:28:07.504Z,58.0696,-154.764,85,1.2,ml,,,,0.16,ak,ak023da21wz2,2023-10-16T06:30:12.857Z,"58 km NNW of Karluk, Alaska",earthquake,,1.7,,,automatic,ak,ak
2023-10-16T06:18:37.560Z,19.1429996490479,-155.370498657227,29.8299999237061,1.71000004,md,34,194,,0.0900000036,hv,hv73610137,2023-10-16T06:21:57.690Z,"Hawaii region, Hawaii",earthquake,0.7,0.930000007,1.75999999,4,automatic,hv,hv
2023-10-16T06:15:37.588Z,61.2684,-146.8441,3.4,1.4,ml,,,,0.42,ak,ak023da1z6zi,2023-10-16T06:17:28.338Z,"30 km WNW of Valdez, Alaska",earthquake,,11.2,,,automatic,ak,ak
2023-10-16T05:50:18.070Z,32.3938333,-115.236,6.92,1.7,ml,17,60,0.06373,0.27,ci,ci40582968,2023-10-16T05:53:56.682Z,"6 km NW of Delta, B.C., MX",earthquake,0.55,1.41,0.326,17,automatic,ci,ci
2023-10-16T05:36:15.772Z,61.7955,-149.9398,35.7,1.4,ml,,,,0.64,ak,ak023da1i7qh,2023-10-16T05:38:13.013Z,"7 km NE of Willow, Alaska",earthquake,,3,,,automatic,ak,ak
2023-10-16T05:27:54.408Z,63.544,-150.7143,3.1,1.5,ml,,,,0.5,ak,ak023da1gdal,2023-10-16T05:31:09.518Z,"50 km E of Denali National Park, Alaska",earthquake,,0.3,,,automatic,ak,ak
2023-10-16T05:12:11.780Z,40.3336678,-124.3636703,16.4,1.62,md,11,277,0.04797,0.04,nc,nc73947745,2023-10-16T05:35:15.781Z,"7 km W of Petrolia, CA",earthquake,1.33,0.98,0.05,5,automatic,nc,nc
2023-10-16T05:05:37.860Z,19.2463340759277,-155.385162353516,30.7299995422363,1.83000004,md,33,146,,0.109999999,hv,hv73610112,2023-10-16T05:08:49.040Z,"10 km ENE of Pāhala, Hawaii",earthquake,0.64,0.980000019,0.850000024,7,automatic,hv,hv
2023-10-16T04:57:15.160Z,34.0111667,-117.1786667,15.81,0.68,ml,16,110,0.1162,0.17,ci,ci40582960,2023-10-16T05:01:04.114Z,"5 km S of Redlands, CA",earthquake,0.39,1.17,0.077,13,automatic,ci,ci
2023-10-16T04:53:31.690Z,17.7913333333333,-66.229,12.13,2.46,md,6,260,0.2086,0.09,pr,pr71428768,2023-10-16T05:15:06.480Z,"17 km S of Central Aguirre, Puerto Rico",earthquake,0.73,0.53,0.00474525418833505,5,reviewed,pr,pr
2023-10-16T04:47:08.123Z,58.2488,-155.1988,0,0.4,ml,,,,0.16,ak,ak023da0z4f0,2023-10-16T04:48:05.867Z,"Alaska Peninsula",earthquake,,0.9,,,automatic,ak,ak
2023-10-16T04:45:31.580Z,35.1158333,-119.0445,14.64,1.57,ml,19,104,0.1761,0.28,ci,ci40582952,2023-10-16T04:49:12.621Z,"20 km SW of Lamont, CA",earthquake,0.55,1.32,0.154,27,automatic,ci,ci
2023-10-16T04:45:17.120Z,17.933,-66.8428333333333,11.85,2.32,md,9,217,0.05433,0.09,pr,pr71428763,2023-10-16T04:55:50.080Z,"7 km SE of Maria Antonia, Puerto Rico",earthquake,0.58,0.44,0.0485783945966598,4,reviewed,pr,pr
2023-10-16T04:31:49.157Z,61.1004,-152.4163,0,1.1,ml,,,,0.37,ak,ak023da0vs4p,2023-10-16T04:33:59.579Z,"69 km W of Tyonek, Alaska",earthquake,,0.5,,,automatic,ak,ak
2023-10-16T04:26:15.740Z,19.1765003204346,-155.489334106445,32.5900001525879,2.00999999,md,32,153,,0.100000001,hv,hv73610087,2023-10-16T04:29:25.920Z,"3 km SSW of Pāhala, Hawaii",earthquake,0.62,1.23000002,0.00999999978,9,automatic,hv,hv
2023-10-16T04:07:55.474Z,61.6869,-141.8891,20,1.2,ml,,,,0.41,ak,ak023da0qnfc,2023-10-16T04:10:18.627Z,"61 km ENE of McCarthy, Alaska",earthquake,,1.6,,,automatic,ak,ak
2023-10-16T04:02:44.280Z,35.7341667,-117.554,2.11,2.09,ml,26,68,0.1265,0.16,ci,ci40582944,2023-10-16T04:13:30.770Z,"14 km WSW of Searles Valley, CA",earthquake,0.29,0.6,0.163,26,automatic,ci,ci
2023-10-16T03:50:45.770Z,35.6795,-117.4683333,10.75,1.32,ml,15,76,0.03907,0.19,ci,ci40582936,2023-10-16T04:01:27.780Z,"11 km SSW of Searles Valley, CA",earthquake,0.44,0.91,0.156,10,automatic,ci,ci
2023-10-16T03:41:40.420Z,30.1264,80.7672,10,4.1,mb,20,170,4.582,0.73,us,us6000lfu1,2023-10-16T03:58:55.040Z,"38 km NNE of Dārchulā, Nepal",earthquake,12.19,1.985,0.184,8,reviewed,us,us
2023-10-16T03:34:15.190Z,17.9195,-66.8418333333333,11.39,2.38,md,8,224,0.06574,0.13,pr,pr71428758,2023-10-16T03:45:12.190Z,"8 km SE of Maria Antonia, Puerto Rico",earthquake,0.66,0.56,0.0839299309884662,4,reviewed,pr,pr
2023-10-16T03:33:34.169Z,57.6309,-155.3276,10.7,1.8,ml,,,,0.32,ak,ak023da0aqso,2023-10-16T03:35:14.984Z,"Alaska Peninsula",earthquake,,2.8,,,automatic,ak,ak
2023-10-16T03:13:55.413Z,50.7767,-129.8499,10,4.9,mb,51,158,1.1,0.91,us,us6000lftw,2023-10-16T06:03:56.923Z,"196 km W of Port McNeill, Canada",earthquake,7.16,1.748,0.031,315,reviewed,us,us
2023-10-16T02:50:21.150Z,35.6825,-117.5368333,1.93,1.14,ml,15,74,0.09373,0.17,ci,ci40582928,2023-10-16T02:53:50.798Z,"14 km ENE of Ridgecrest, CA",earthquake,0.4,0.89,0.145,10,automatic,ci,ci
2023-10-16T02:30:19.910Z,32.5781667,-116.6446667,0.47,1.68,ml,6,270,0.1042,0.26,ci,ci40582920,2023-10-16T02:33:59.311Z,"2 km NW of Tecate, B.C., MX",earthquake,3.53,31.61,0.085,18,automatic,ci,ci
2023-10-16T02:24:40.836Z,57.6306,-156.01,6.9,2.8,ml,,,,0.28,ak,ak023d9zne9f,2023-10-16T02:26:16.777Z,"84 km E of Ugashik, Alaska",earthquake,,0.2,,,automatic,ak,ak
2023-10-16T02:15:40.630Z,19.19700050354,-155.496505737305,35,2.22000003,md,44,78,,0.100000001,hv,hv73610007,2023-10-16T02:18:57.780Z,"Island of Hawaii, Hawaii",earthquake,0.48,0.720000029,1.53999996,24,automatic,hv,hv
2023-10-16T02:09:39.532Z,62.5085,-149.5824,15.3,1.5,ml,,,,0.4,ak,ak023d9zk6f5,2023-10-16T02:12:03.650Z,"Central Alaska",earthquake,,0.3,,,automatic,ak,ak
2023-10-16T01:56:10.280Z,38.6938324,-122.5094986,2.15,1.72,md,19,64,0.09018,0.19,nc,nc73947705,2023-10-16T05:12:13.503Z,"11 km SE of Middletown, CA",earthquake,0.47,5.99,0.12,16,automatic,nc,nc
2023-10-16T01:29:18.645Z,-18.5605,-178.0464,474.943,4.3,mb,20,127,3.797,0.55,us,us6000lftm,2023-10-16T01:48:41.040Z,"284 km E of Levuka, Fiji",earthquake,14.94,12.005,0.138,15,reviewed,us,us
2023-10-16T01:15:49.800Z,36.4611667,-117.9708333,7.28,2.1,ml,19,117,0.09067,0.25,ci,ci40582904,2023-10-16T01:26:36.700Z,"16 km SSE of Lone Pine, CA",earthquake,0.67,1.23,0.144,20,automatic,ci,ci
2023-10-16T00:53:37.012Z,-23.0921,-66.585,214.174,4.4,mb,58,69,1.475,0.8,us,us6000lfti,2023-10-16T01:09:54.040Z,"Jujuy, Argentina",earthquake,8.13,7.108,0.047,130,reviewed,us,us
2023-10-16T00:41:33.511Z,61.9879,-152.0726,126.7,1.7,ml,,,,0.4,ak,ak023d9yk5nr,2023-10-16T00:43:27.723Z,"35 km W of Skwentna, Alaska",earthquake,,0.9,,,automatic,ak,ak
2023-10-16T00:36:23.806Z,61.3232,-149.1212,29.9,1.6,ml,,,,0.31,ak,ak023d9yj2bw,2023-10-16T00:38:03.915Z,"18 km SW of Knik River, Alaska",earthquake,,0.2,,,automatic,ak,ak
2023-10-16T00:25:07.480Z,19.1703338623047,-155.490493774414,31.7299995422363,2.15,ml,41,154,,0.0900000036,hv,hv73609947,2023-10-16T00:30:38.810Z,"3 km SSW of Pāhala, Hawaii",earthquake,0.62,0.889999986,3.94,9,automatic,hv,hv
2023-10-16T00:06:18.620Z,38.8181648,-122.8249969,2.11,0.27,md,10,65,0.009267,0.02,nc,nc73947685,2023-10-16T00:22:17.982Z,"8 km NW of The Geysers, CA",earthquake,0.37,1.05,0.15,10,automatic,nc,nc
2023-10-15T23:55:08.876Z,63.2096,-152.1502,1.1,1.3,ml,,,,1.31,ak,ak023d8osq7c,2023-10-15T23:57:38.545Z,"42 km SSW of Denali National Park, Alaska",earthquake,,0.6,,,automatic,ak,ak
2023-10-15T23:54:11.336Z,39.6244,-119.6373,10.4,2.4,ml,26,110.92,0.135,0.1515,nn,nn00867371,2023-10-16T05:11:05.037Z,"Nevada",earthquake,,1.3,0.27,8,reviewed,nn,nn
2023-10-15T23:53:04.956Z,39.6193,-119.6407,8.6,2.9,ml,36,88.49,0.13,0.1573,nn,nn00867368,2023-10-16T04:41:57.686Z,"6 km ESE of Spanish Springs, Nevada",earthquake,,0.9,0.28,11,reviewed,nn,nn
2023-10-15T23:43:33.670Z,34.409,-119.1996667,1.45,1.51,ml,27,77,0.05845,0.28,ci,ci40582888,2023-10-15T23:47:14.271Z,"6 km SE of Ojai, CA",earthquake,0.35,0.63,0.246,27,automatic,ci,ci
2023-10-15T23:42:35.310Z,18.3031,-67.9906,89,3.76,md,14,140,0.2338,0.24,pr,pr2023288001,2023-10-16T00:02:50.972Z,"53 km SE of Punta Cana, Dominican Republic",earthquake,1.74,1.13,0.1,12,reviewed,pr,pr
2023-10-15T23:39:29.381Z,60.7268,-150.4606,39.2,1.6,ml,,,,0.32,ak,ak023d8opcbu,2023-10-15T23:41:52.134Z,"Kenai Peninsula, Alaska",earthquake,,0.8,,,automatic,ak,ak
2023-10-15T23:35:33.410Z,58.165,-155.4107,1.8,0.4,ml,,,,0.26,ak,ak023d8oohrx,2023-10-15T23:37:06.995Z,"87 km NW of Karluk, Alaska",earthquake,,1.8,,,automatic,ak,ak
2023-10-15T23:21:44.196Z,62.8375,-149.7692,60,1.5,ml,,,,0.84,ak,ak023d8olikz,2023-10-15T23:23:47.513Z,"46 km NNE of Chase, Alaska",earthquake,,1.4,,,automatic,ak,ak
2023-10-15T23:18:43.590Z,38.8320007,-122.8174973,1.49,0.71,md,13,57,0.01037,0.02,nc,nc73947665,2023-10-15T23:46:12.792Z,"8 km NW of The Geysers, CA",earthquake,0.28,0.74,0.15,14,automatic,nc,nc
2023-10-15T23:17:32.510Z,35.5171667,-118.4173333,3.28,1.38,ml,25,69,0.1525,0.14,ci,ci40582880,2023-10-15T23:28:24.490Z,"10 km SE of Bodfish, CA",earthquake,0.22,0.8,0.183,17,automatic,ci,ci
2023-10-15T23:14:52.337Z,62.3508,-151.5799,86.9,1.4,ml,,,,0.76,ak,ak023d8ok175,2023-10-15T23:16:49.546Z,"Central Alaska",earthquake,,0.7,,,automatic,ak,ak
2023-10-15T23:12:50.380Z,-23.3576,-69.2815,92.817,4.4,mb,20,134,0.702,0.74,us,us6000lfsy,2023-10-15T23:21:22.040Z,"106 km SSW of Calama, Chile",earthquake,5.32,7.468,0.218,6,reviewed,us,us
2023-10-15T23:09:38.817Z,58.1791,-155.3614,1.1,0.4,ml,,,,0.2,ak,ak023d8oixkp,2023-10-15T23:10:33.186Z,"86 km NW of Karluk, Alaska",earthquake,,1.4,,,automatic,ak,ak
2023-10-15T22:50:25.171Z,38.2586,-118.7101,6.9,1.9,ml,17,55.82,0.161,0.1628,nn,nn00867366,2023-10-16T00:54:34.916Z,"Nevada",earthquake,,1.2,0.31,12,reviewed,nn,nn
2023-10-15T22:44:40.716Z,12.3015,-88.5108,46.097,4.9,mb,55,151,1.175,0.85,us,us6000lfsv,2023-10-15T23:02:48.040Z,"108 km S of Puerto El Triunfo, El Salvador",earthquake,2.36,8.945,0.038,217,reviewed,us,us
2023-10-15T22:39:51.060Z,17.9823333333333,-66.845,11.93,2.2,md,8,183,0.0334,0.13,pr,pr71428743,2023-10-15T23:04:10.850Z,"3 km WSW of Indios, Puerto Rico",earthquake,0.77,0.48,0.135129251886073,5,reviewed,pr,pr
2023-10-15T22:23:20.510Z,17.9013333333333,-66.8501666666667,11.09,2.44,md,7,233,0.07838,0.09,pr,pr71428733,2023-10-15T22:33:50.010Z,"9 km SSE of Maria Antonia, Puerto Rico",earthquake,0.87,0.58,0.0341071015878263,5,reviewed,pr,pr
2023-10-15T22:16:32.010Z,19.0581,-66.7596,45,3.72,md,16,238,0.6249,0.45,pr,pr2023288000,2023-10-15T22:44:42.040Z,"63 km N of Hatillo, Puerto Rico",earthquake,2.24,7.04,0.07,12,reviewed,pr,pr
2023-10-15T22:10:58.248Z,61.9681,-149.4353,38.7,1.5,ml,,,,0.93,ak,ak023d8nxr6o,2023-10-15T22:12:46.619Z,"Southern Alaska",earthquake,,1,,,automatic,ak,ak
2023-10-15T22:07:48.083Z,-6.1592,130.3721,158.06,4.4,mb,32,96,1.691,0.56,us,us6000lfsm,2023-10-15T22:23:48.040Z,"270 km WSW of Tual, Indonesia",earthquake,9.78,7.748,0.112,23,reviewed,us,us
2023-10-15T22:01:28.027Z,60.7234,-152.8467,126.8,2.1,ml,,,,0.47,ak,ak023d8nvrdw,2023-10-15T22:08:45.040Z,"84 km W of Salamatof, Alaska",earthquake,,0.7,,,automatic,ak,ak
2023-10-15T21:57:41.273Z,62.1746,-147.3971,32.3,1.5,ml,,,,0.73,ak,ak023d8nmcxb,2023-10-15T21:59:43.771Z,"28 km NNW of Eureka Roadhouse, Alaska",earthquake,,0.2,,,automatic,ak,ak
2023-10-15T21:54:38.820Z,18.5906666666667,-66.4938333333333,13.06,2.98,md,19,216,0.1179,0.15,pr,pr71428708,2023-10-15T22:36:41.162Z,"14 km N of Tierras Nuevas Poniente, Puerto Rico",earthquake,0.43,0.46,0.0555248252868956,8,reviewed,pr,pr
2023-10-15T21:39:17.716Z,34.4708,62.2717,10,4.1,mb,19,198,5.592,0.75,us,us6000lfsn,2023-10-16T04:00:18.040Z,"15 km NNE of Herāt, Afghanistan",earthquake,11.05,1.962,0.197,7,reviewed,us,us
2023-10-15T21:29:42.874Z,63.5269,-160.2788,74.2,2.9,ml,,,,0.73,ak,ak023d8ngczz,2023-10-15T23:13:00.040Z,"46 km SSE of Unalakleet, Alaska",earthquake,,2.4,,,automatic,ak,ak
2023-10-15T21:09:31.610Z,34.5635,-119.1386667,6.19,2.67,ml,67,28,0.1235,0.29,ci,ci40582864,2023-10-16T06:36:02.028Z,"16 km NE of Ojai, CA",earthquake,0.28,1.35,0.188,25,automatic,ci,ci
2023-10-15T21:08:18.470Z,34.556,-119.139,1.53,1.98,ml,39,34,0.1188,0.23,ci,ci40582856,2023-10-15T21:19:07.650Z,"15 km NE of Ojai, CA",earthquake,0.24,0.66,0.139,27,automatic,ci,ci
2023-10-15T21:05:23.452Z,55.8102,-149.2195,12.509,3.4,ml,42,223,2.708,0.45,us,us6000lfsd,2023-10-15T21:11:54.040Z,"274 km SE of Chiniak, Alaska",earthquake,10.75,9.019,0.06,36,reviewed,us,us
2023-10-15T21:00:49.566Z,60.7077,-147.4049,14.7,1.8,ml,,,,0.32,ak,ak023d8na5r0,2023-10-15T21:02:45.735Z,"Southern Alaska",earthquake,,0.2,,,automatic,ak,ak
2023-10-15T20:59:22.275Z,60.6844,-147.4206,9.6,1.5,ml,,,,0.48,ak,ak023d8n1bab,2023-10-15T21:01:26.016Z,"45 km WSW of Tatitlek, Alaska",earthquake,,0.3,,,automatic,ak,ak
2023-10-15T20:53:17.772Z,63.0911,-150.7659,115.7,2.6,ml,,,,0.42,ak,ak023d8n00n0,2023-10-15T21:23:53.040Z,"66 km N of Petersville, Alaska",earthquake,,0.6,,,automatic,ak,ak
2023-10-15T20:25:17.950Z,34.5456667,-119.1068333,13.08,1.32,ml,16,49,0.1114,0.23,ci,ci40582840,2023-10-15T20:28:49.055Z,"16 km NE of Ojai, CA",earthquake,0.47,1.18,0.204,13,automatic,ci,ci
2023-10-15T20:23:19.615Z,39.0054,-117.0623,3.4,1.4,ml,6,253.15,0.539,0.153,nn,nn00867365,2023-10-15T21:30:17.055Z,"22 km S of Kingston, Nevada",earthquake,,5.1,0.16,4,reviewed,nn,nn
2023-10-15T20:21:27.071Z,60.2178,-150.0245,32.7,1.6,ml,,,,0.46,ak,ak023d8mt6g3,2023-10-15T20:23:38.720Z,"32 km SSW of Cooper Landing, Alaska",earthquake,,0.2,,,automatic,ak,ak
2023-10-15T20:11:20.830Z,35.122,-119.0473333,9.83,1.35,ml,19,131,0.2183,0.26,ci,ci40582832,2023-10-15T20:25:11.152Z,"20 km SW of Lamont, CA",earthquake,0.55,2.43,0.175,18,automatic,ci,ci
2023-10-15T19:52:14.890Z,34.5685,-119.1346667,1.62,3.29,ml,94,21,0.1286,0.33,ci,ci40582824,2023-10-16T04:55:00.194Z,"17 km NE of Ojai, CA",earthquake,0.19,0.57,0.124,199,reviewed,ci,ci
2023-10-15T19:52:11.602Z,39.6305,-119.6182,8.7,2.7,ml,27,92.43,0.151,0.1493,nn,nn00867360,2023-10-16T00:55:02.053Z,"7 km ESE of Spanish Springs, Nevada",earthquake,,1.8,0.27,8,reviewed,nn,nn
2023-10-15T19:50:16.440Z,34.5636667,-119.1363333,7,3.71,ml,100,21,0.1253,0.31,ci,ci40582816,2023-10-16T05:51:08.427Z,"16 km NE of Ojai, CA",earthquake,0.19,0.77,0.151,253,reviewed,ci,ci
2023-10-15T19:30:16.370Z,34.3366667,-117.0088333,2.5,1.09,ml,23,68,0.07968,0.24,ci,ci40582808,2023-10-15T19:34:15.449Z,"12 km SSW of Lucerne Valley, CA",earthquake,0.41,1.77,0.198,22,automatic,ci,ci
2023-10-15T19:30:05.840Z,34.1686667,-117.4311667,6.38,0.92,ml,18,50,0.1024,0.22,ci,ci40582800,2023-10-15T19:33:55.324Z,"6 km SSW of Devore, CA",earthquake,0.48,1.53,0.246,18,automatic,ci,ci
2023-10-15T19:28:27.410Z,34.3363333,-117.0093333,2.45,1.38,ml,42,40,0.07936,0.18,ci,ci40582792,2023-10-15T19:39:01.320Z,"13 km SSW of Lucerne Valley, CA",earthquake,0.26,0.88,0.189,28,automatic,ci,ci
2023-10-15T19:18:32.540Z,34.3386667,-117.0051667,4.62,1.21,ml,35,70,0.08162,0.23,ci,ci40582784,2023-10-15T19:29:31.680Z,"12 km SSW of Lucerne Valley, CA",earthquake,0.37,1.14,0.182,28,automatic,ci,ci
2023-10-15T19:11:13.949Z,63.7499,-148.1532,90.2,1.3,ml,,,,0.77,ak,ak023d8m5ko2,2023-10-15T19:14:28.324Z,"37 km E of Denali Park, Alaska",earthquake,,1,,,automatic,ak,ak
2023-10-15T19:10:38.410Z,35.4631667,-118.8626667,12.61,1.2,ml,16,136,0.06835,0.17,ci,ci40582776,2023-10-15T19:57:37.024Z,"15 km ENE of Oildale, CA",earthquake,0.45,0.73,0.208,9,reviewed,ci,ci
2023-10-15T18:56:48.340Z,38.7910004,-122.7289963,0.52,1.84,md,20,92,0.009827,0.04,nc,nc73947570,2023-10-15T22:10:11.197Z,"3 km ENE of The Geysers, CA",earthquake,0.22,0.5,0.14,24,automatic,nc,nc
2023-10-15T18:55:12.240Z,37.2835007,-121.6569977,5.86,2.07,md,48,41,0.02765,0.06,nc,nc73947565,2023-10-15T21:39:12.002Z,"16 km E of Seven Trees, CA",earthquake,0.14,0.28,0.19,44,automatic,nc,nc
2023-10-15T18:48:31.850Z,38.831665,-122.8144989,1.84,0.76,md,10,66,0.008952,0.01,nc,nc73947560,2023-10-15T21:24:10.923Z,"8 km NW of The Geysers, CA",earthquake,0.32,0.77,0.23,11,automatic,nc,nc
2023-10-15T18:40:44.087Z,60.5873,-147.5508,16,1.8,ml,,,,0.55,ak,ak023d8lqf5k,2023-10-15T18:55:05.710Z,"56 km WSW of Tatitlek, Alaska",earthquake,,0.2,,,automatic,ak,ak
2023-10-15T18:35:27.110Z,18.9403333333333,-66.2801666666667,11.35,3.13,md,12,274,0.5178,0.13,pr,pr71428698,2023-10-15T18:49:12.720Z,"Puerto Rico region",earthquake,0.79,1.34,0.186292202616111,4,reviewed,pr,pr
2023-10-15T18:31:05.502Z,61.7861,-149.6968,41.8,1.3,ml,,,,0.71,ak,ak023d8loeqe,2023-10-15T18:32:57.075Z,"Southern Alaska",earthquake,,1.1,,,automatic,ak,ak
2023-10-15T18:29:26.530Z,38.8266678,-122.8533325,2.13,0.28,md,8,154,0.002901,0,nc,nc73947545,2023-10-15T19:19:16.241Z,"10 km WNW of The Geysers, CA",earthquake,0.68,1.17,0.21,9,automatic,nc,nc
2023-10-15T18:05:35.563Z,58.1723,-155.3595,1.1,0.5,ml,,,,0.23,ak,ak023d8liwfo,2023-10-15T18:06:46.002Z,"86 km NW of Karluk, Alaska",earthquake,,2.1,,,automatic,ak,ak
2023-10-15T18:02:33.793Z,61.3023,-150.7133,56.4,1.5,ml,,,,0.39,ak,ak023d8li95f,2023-10-15T18:04:47.065Z,"26 km NE of Beluga, Alaska",earthquake,,0.8,,,automatic,ak,ak
2023-10-15T17:33:09.460Z,19.1380004882812,-155.364166259766,28.1000003814697,1.80999994,md,35,192,,0.0799999982,hv,hv73609642,2023-10-15T17:36:40.720Z,"14 km ESE of Pāhala, Hawaii",earthquake,0.82,1.13999999,0.899999976,3,automatic,hv,hv
2023-10-15T17:23:57.056Z,39.0036,-117.0526,3.1,3.5,ml,8,97.4,0.546,0.158,nn,nn00867351,2023-10-15T20:40:11.066Z,"22 km S of Kingston, Nevada",earthquake,,1.8,0.49,5,reviewed,nn,nn
2023-10-15T17:22:47.652Z,46.4458,144.5829,354.335,4.2,mb,92,92,1.356,0.79,us,us6000lfrh,2023-10-15T18:19:23.040Z,"140 km E of Korsakov, Russia",earthquake,9.64,7.016,0.052,104,reviewed,us,us
2023-10-15T17:19:35.890Z,38.8151665,-122.8198318,2.66,1.08,md,18,52,0.009637,0.01,nc,nc73947525,2023-10-15T18:24:13.911Z,"7 km NW of The Geysers, CA",earthquake,0.27,0.62,0.24,19,automatic,nc,nc
2023-10-15T17:13:38.935Z,39.0101,-117.047,3,3,ml,9,54.33,0.552,0.1464,nn,nn00867345,2023-10-15T19:05:50.821Z,"Nevada",earthquake,,2.7,0.52,6,reviewed,nn,nn
2023-10-15T17:09:58.160Z,18.1403333333333,-66.398,8,2.11,md,5,125,0.1806,0.46,pr,pr71428693,2023-10-15T17:27:27.480Z,"7 km NNW of Coamo, Puerto Rico",earthquake,1.19,3.49,0.247215940473402,3,reviewed,pr,pr
2023-10-15T17:01:56.120Z,37.5666667,-118.8553333,-0.24,0.64,md,6,273,0.03127,0.02,nc,nc73947520,2023-10-15T18:47:19.040Z,"13 km SE of Mammoth Lakes, CA",earthquake,1.8,1.19,0.121,6,reviewed,nc,nc
2023-10-15T16:52:49.268Z,64.8251,-147.5199,10.3,1,ml,,,,0.21,ak,ak023d8km4xu,2023-10-15T17:20:43.210Z,"2 km NNE of Badger, Alaska",earthquake,,0.6,,,automatic,ak,ak
2023-10-15T16:25:41.147Z,-31.5926,-177.9056,10,4.8,mb,24,90,2.323,0.93,us,us6000lfr7,2023-10-15T16:48:13.040Z,"Kermadec Islands region",earthquake,6.4,1.868,0.119,24,reviewed,us,us
2023-10-15T16:13:40.524Z,60.8187,-150.712,48.4,2.1,ml,,,,0.2,ak,ak023d8kdrc4,2023-10-15T16:15:16.775Z,"11 km S of Point Possession, Alaska",earthquake,,0.8,,,automatic,ak,ak
2023-10-15T16:10:21.679Z,61.1932,-146.6953,19.9,1.4,ml,,,,0.59,ak,ak023d8kd2qf,2023-10-15T16:12:09.236Z,"19 km WNW of Valdez, Alaska",earthquake,,0.4,,,automatic,ak,ak
2023-10-15T15:43:58.166Z,58.7536,-153.6571,17.7,2.1,ml,,,,0.16,ak,ak023d8jysko,2023-10-15T15:45:04.302Z,"88 km NNW of Aleneva, Alaska",earthquake,,0.2,,,automatic,ak,ak
2023-10-15T15:24:42.029Z,-8.122,118.1147,10,4.7,mb,27,89,0.777,0.44,us,us6000lfr1,2023-10-15T15:50:21.040Z,"59 km NW of Dompu, Indonesia",earthquake,5.18,1.919,0.133,17,reviewed,us,us
2023-10-15T15:17:01.280Z,17.8703333333333,-66.896,11.98,1.9,md,5,249,0.1054,0.04,pr,pr71428683,2023-10-15T15:43:15.010Z,"11 km S of Guánica, Puerto Rico",earthquake,0.68,1.05,0.0899710792848549,2,reviewed,pr,pr
2023-10-15T15:16:51.014Z,61.0649,-150.9553,15.7,1.6,ml,,,,0.63,ak,ak023d8jszot,2023-10-15T15:19:28.332Z,"9 km E of Tyonek, Alaska",earthquake,,0.2,,,automatic,ak,ak
2023-10-15T15:10:45.330Z,33.3003333,-116.734,17.3,1.1,ml,36,100,0.06745,0.22,ci,ci40582752,2023-10-15T15:14:16.023Z,"7 km NNE of Lake Henshaw, CA",earthquake,0.35,0.68,0.138,26,automatic,ci,ci
2023-10-15T15:05:10.348Z,64.9831,-147.4572,0,1.4,ml,,,,0.69,ak,ak023d8jqjo1,2023-10-15T15:07:12.395Z,"Central Alaska",earthquake,,0.4,,,automatic,ak,ak
2023-10-15T14:46:18.280Z,19.2021675109863,-155.337173461914,25.7199993133545,1.86000001,md,39,169,,0.129999995,hv,hv73609557,2023-10-15T14:49:34.890Z,"14 km E of Pāhala, Hawaii",earthquake,0.55,0.870000005,0.769999981,11,automatic,hv,hv
2023-10-15T14:44:06.440Z,37.5643333,-121.5703333,6.87,0.99,md,13,118,0.09346,0.09,nc,nc73947490,2023-10-15T18:54:11.086Z,"22 km SE of Livermore, CA",earthquake,0.36,1.1,0.215,13,reviewed,nc,nc
2023-10-15T14:43:43.670Z,38.3705,-118.8942,11.4,1.6,ml,13,48.21,0.196,0.1592,nn,nn00867335,2023-10-15T19:40:32.913Z,"29 km SW of Hawthorne, Nevada",earthquake,,1.6,0.18,8,reviewed,nn,nn
2023-10-15T14:34:00.897Z,61.6386,-150.9632,58.9,1.6,ml,,,,0.52,ak,ak023d8jbb3t,2023-10-15T14:35:57.430Z,"26 km WNW of Susitna, Alaska",earthquake,,0.8,,,automatic,ak,ak
2023-10-15T14:29:19.367Z,62.0885,-141.7556,0.1,1.7,ml,,,,0.6,ak,ak023d8ja9y8,2023-10-15T14:31:31.988Z,"Central Alaska",earthquake,,0.3,,,automatic,ak,ak
2023-10-15T14:14:32.159Z,61.0903,-148.4421,1.4,1.3,ml,,,,0.67,ak,ak023d8j7376,2023-10-15T14:16:40.183Z,"37 km NNE of Whittier, Alaska",earthquake,,7.4,,,automatic,ak,ak
2023-10-15T14:11:32.100Z,33.2675,-116.7846667,11.19,1.8,ml,58,25,0.0382,0.22,ci,ci40582736,2023-10-15T14:22:33.010Z,"4 km NW of Lake Henshaw, CA",earthquake,0.24,0.68,0.129,26,automatic,ci,ci
2023-10-15T14:10:24.560Z,33.2696667,-116.7851667,11.48,1.32,ml,47,38,0.04023,0.22,ci,ci40582728,2023-10-15T14:14:05.168Z,"4 km NNW of Lake Henshaw, CA",earthquake,0.25,0.62,0.15,25,automatic,ci,ci
2023-10-15T13:12:41.028Z,36.7431,-116.1741,3.7,-0.1,ml,7,113.89,0.024,0.0871,nn,nn00867344,2023-10-15T17:16:58.047Z,"48 km WNW of Indian Springs, Nevada",earthquake,,2.2,0.42,5,reviewed,nn,nn
2023-10-15T12:41:47.026Z,39.6175,-119.6374,10.4,0.8,ml,12,112.56,0.132,0.1567,nn,nn00867343,2023-10-15T17:13:43.809Z,"6 km ESE of Spanish Springs, Nevada",earthquake,,2.2,0.22,4,reviewed,nn,nn
2023-10-15T12:39:24.348Z,38.1858,-117.7909,10.9,1.2,ml,9,100.37,0.127,0.1338,nn,nn00867334,2023-10-15T20:02:18.426Z,"35 km SE of Mina, Nevada",earthquake,,1.9,0.61,6,reviewed,nn,nn
2023-10-15T12:29:49.914Z,61.3737,-151.1466,61.8,1.2,ml,,,,0.38,ak,ak023d8i3h3h,2023-10-15T12:32:05.033Z,"26 km N of Beluga, Alaska",earthquake,,1.2,,,automatic,ak,ak
2023-10-15T12:21:48.080Z,36.053,-120.032,26.1,1.6,md,24,144,0.06123,0.09,nc,nc73947465,2023-10-15T18:28:11.932Z,"8 km NW of Kettleman City, CA",earthquake,0.31,0.56,0.174,9,reviewed,nc,nc
2023-10-15T12:16:52.306Z,61.889,-150.0779,59.9,1.2,ml,,,,0.87,ak,ak023d8i0oz2,2023-10-15T12:18:14.030Z,"15 km N of Willow, Alaska",earthquake,,2.1,,,automatic,ak,ak
2023-10-15T12:16:01.690Z,35.5448333,-120.8523333,5.61,1.47,md,26,69,0.09205,0.04,nc,nc73947460,2023-10-16T01:53:15.434Z,"12 km NNE of Cayucos, CA",earthquake,0.19,0.49,0.21,17,reviewed,nc,nc
2023-10-15T12:01:57.270Z,40.9048347,-122.3646698,8.64,1.69,md,8,177,0.1987,0.05,nc,nc73947455,2023-10-15T12:36:09.936Z,"25 km N of Shasta Lake, CA",earthquake,0.7,2.98,0.13,6,automatic,nc,nc
2023-10-15T11:46:06.980Z,19.4583333333333,-68.008,13.99,3.44,md,14,278,1.003,0.31,pr,pr71428673,2023-10-15T12:16:05.580Z,"105 km NNE of Punta Cana, Dominican Republic",earthquake,3.83,5.51,0.0827726333736494,10,reviewed,pr,pr
2023-10-15T11:26:32.960Z,35.5375,-120.839,6.1,1.63,md,36,63,0.09702,0.06,nc,nc73947450,2023-10-16T01:26:11.314Z,"12 km NNE of Cayucos, CA",earthquake,0.21,0.53,0.205,27,reviewed,nc,nc
2023-10-15T11:15:37.551Z,31.1027,49.5001,10,5.3,mww,103,48,5.383,0.8,us,us6000lfq9,2023-10-15T21:52:04.854Z,"21 km SSW of Rāmhormoz, Iran",earthquake,7.52,1.843,0.065,23,reviewed,us,us
2023-10-15T11:06:35.692Z,64.978,-147.403,1.4,1.1,ml,,,,0.53,ak,ak023d8hd2xd,2023-10-15T11:08:51.037Z,"Central Alaska",earthquake,,0.3,,,automatic,ak,ak
2023-10-15T10:52:34.260Z,37.3088333,-121.6743333,6.63,0.98,md,31,39,0.04139,0.09,nc,nc73947440,2023-10-15T20:17:19.567Z,"15 km E of Seven Trees, CA",earthquake,0.17,0.35,0.142,27,reviewed,nc,nc
2023-10-15T10:33:52.012Z,64.6215,-152.2467,8.4,1.3,ml,,,,0.99,ak,ak023d8gxgwx,2023-10-15T10:35:44.265Z,"61 km S of Tanana, Alaska",earthquake,,0.4,,,automatic,ak,ak
2023-10-15T10:04:49.790Z,17.9293333333333,-66.9508333333333,6.36,2.32,md,9,225,0.08191,0.19,pr,pr71428668,2023-10-15T10:23:33.840Z,"6 km SW of Guánica, Puerto Rico",earthquake,1.03,0.5,0.102905034885837,5,reviewed,pr,pr
2023-10-15T10:03:20.310Z,37.6191667,-122.473,8.24,0.67,md,15,128,0.01805,0.06,nc,nc73947435,2023-10-15T17:50:10.700Z,"1 km ENE of Pacifica, CA",earthquake,0.41,0.34,0.196,10,reviewed,nc,nc
2023-10-15T10:00:54.115Z,37.9678,-117.9161,0,2.7,ml,10,63.86,0.197,0.1331,nn,nn00867338,2023-10-15T16:36:18.801Z,"34 km NW of Silver Peak, Nevada",earthquake,,0,0.13,7,reviewed,nn,nn
2023-10-15T10:00:48.505Z,38.8304,-118.311,11,1.3,ml,8,111.91,0.261,0.1874,nn,nn00867339,2023-10-15T16:42:32.199Z,"34 km W of Gabbs, Nevada",earthquake,,2.5,0.79,6,reviewed,nn,nn
2023-10-15T09:56:48.490Z,38.8136673,-122.8239975,2.03,0.58,md,8,90,0.006273,0.03,nc,nc73947425,2023-10-15T11:21:12.537Z,"7 km NW of The Geysers, CA",earthquake,0.47,1.05,0.2,8,automatic,nc,nc
2023-10-15T09:52:16.000Z,19.1651668548584,-155.483673095703,34.3400001525879,1.97,ml,43,149,,0.119999997,hv,hv73609407,2023-10-15T09:57:47.720Z,"4 km S of Pāhala, Hawaii",earthquake,0.47,0.709999979,4.57,6,automatic,hv,hv
2023-10-15T09:36:04.370Z,17.9398333333333,-66.8508333333333,12.62,2.23,md,7,214,0.04426,0.16,pr,pr71428658,2023-10-15T09:53:53.110Z,"5 km SE of Maria Antonia, Puerto Rico",earthquake,1.09,0.67,0.178265652522735,5,reviewed,pr,pr
2023-10-15T09:28:05.362Z,65.4233,-153.4364,13.6,1.4,ml,,,,0.71,ak,ak023d8gav5i,2023-10-15T09:31:34.219Z,"northern Alaska",earthquake,,0.4,,,automatic,ak,ak
2023-10-15T09:21:38.750Z,32.8331667,-116.1318333,9.16,1.75,ml,43,48,0.0505,0.24,ci,ci40582696,2023-10-15T19:59:46.950Z,"17 km NW of Ocotillo, CA",earthquake,0.29,0.83,0.15,26,reviewed,ci,ci
2023-10-15T09:13:26.094Z,33.8272,141.7428,16.108,5.2,mww,53,132,1.762,0.68,us,us6000lfpt,2023-10-15T09:42:35.157Z,"196 km SE of Katsuura, Japan",earthquake,7.22,4.744,0.075,17,reviewed,us,us
2023-10-15T09:00:29.924Z,36.7355,-116.0017,10.4,-0.1,ml,10,86.18,0.015,0.1344,nn,nn00867350,2023-10-15T17:26:20.176Z,"California-Nevada border region",earthquake,,1.3,0.73,6,reviewed,nn,nn
2023-10-15T08:59:39.641Z,36.7438,-115.9941,10.4,0.9,ml,32,72.58,0.017,0.1264,nn,nn00867326,2023-10-15T16:02:16.952Z,"Nevada",earthquake,,0.6,0.26,19,reviewed,nn,nn
2023-10-15T08:59:24.552Z,62.2048,-151.283,75.4,1.3,ml,,,,0.23,ak,ak023d8fw47b,2023-10-15T09:01:22.535Z,"24 km NNE of Skwentna, Alaska",earthquake,,0.7,,,automatic,ak,ak
2023-10-15T08:58:34.359Z,-58.9515,-25.4244,35,4.8,mb,42,163,7.685,0.51,us,us6000lfpq,2023-10-15T09:21:37.040Z,"South Sandwich Islands region",earthquake,14.3,1.949,0.084,47,reviewed,us,us
2023-10-15T08:45:37.660Z,38.7879982,-122.7443314,1.35,0.65,md,6,104,0.007612,0.01,nc,nc73947420,2023-10-15T10:54:12.412Z,"2 km NE of The Geysers, CA",earthquake,0.37,1.02,0.37,8,automatic,nc,nc
2023-10-15T08:40:09.330Z,19.146333694458,-155.364837646484,26.0200004577637,1.87,md,35,183,,0.109999999,hv,hv73609347,2023-10-15T08:43:31.560Z,"13 km ESE of Pāhala, Hawaii",earthquake,0.72,1.28999996,0.930000007,3,automatic,hv,hv
2023-10-15T08:28:26.842Z,57.7869,-154.0651,24,2.2,ml,,,,0.59,ak,ak023d8fph7e,2023-10-15T08:32:05.715Z,"Kodiak Island region, Alaska",earthquake,,0.3,,,automatic,ak,ak
2023-10-15T08:22:33.459Z,60.3322,-152.1939,84.6,1.7,ml,,,,0.62,ak,ak023d8fo7e9,2023-10-15T08:25:29.866Z,"42 km NW of Ninilchik, Alaska",earthquake,,0.5,,,automatic,ak,ak
2023-10-15T08:19:18.790Z,38.8160019,-122.8198318,2.78,0.77,md,9,74,0.0102,0.01,nc,nc73947415,2023-10-15T08:49:14.722Z,"7 km NW of The Geysers, CA",earthquake,0.5,1.15,0.27,10,automatic,nc,nc
2023-10-15T08:17:05.350Z,33.1535,-116.5571667,16.77,1.08,ml,32,51,0.07987,0.19,ci,ci40582688,2023-10-15T08:20:46.181Z,"9 km NNE of Julian, CA",earthquake,0.31,0.59,0.154,27,automatic,ci,ci
2023-10-15T08:04:46.109Z,34.8331,62.2022,10,4.4,mb,45,171,5.644,0.9,us,us6000lfpi,2023-10-15T08:30:07.040Z,"40 km ESE of Qarah Bāgh, Afghanistan",earthquake,10.38,1.957,0.109,24,reviewed,us,us
2023-10-15T08:00:32.940Z,38.7901649,-122.7600021,0.86,1.49,md,20,75,0.01045,0.04,nc,nc73947410,2023-10-15T10:12:18.212Z,"2 km NNW of The Geysers, CA",earthquake,0.23,0.4,0.15,20,automatic,nc,nc
2023-10-15T07:59:34.386Z,35.54872131,-96.74057007,3.243968964,2.16,ml,34,75.0704546,0.01278809831,0.492978917,ok,ok2023uezf,2023-10-15T08:03:12.742Z,"8 km NW of Prague, Oklahoma",earthquake,2.034848133,1.767950549,0.34,18,automatic,ok,ok
2023-10-15T07:48:57.061Z,39.6217,-119.6399,8.7,2.2,ml,25,72.82,0.132,0.1909,nn,nn00867321,2023-10-15T21:06:21.108Z,"6 km ESE of Spanish Springs, Nevada",earthquake,,1.4,0.25,9,reviewed,nn,nn
2023-10-15T07:35:00.530Z,38.7803345,-122.7565002,1.13,0.7,md,7,68,0.01202,0.02,nc,nc73947390,2023-10-15T09:04:10.811Z,"0 km N of The Geysers, CA",earthquake,0.32,0.85,0.07,8,automatic,nc,nc
